{
  "object": {
    "title": {
      "main": {
        "color": "@TitleColor",
        "fontSize": "@TitleSize"
      },
      "subTitle": {
        "color": "@SubtitleColor",
        "fontSize": "@SubtitleSize"
      },
      "footer": {
        "color": "@FooterColor",
        "fontSize": "@FooterSize",
        "backgroundColor": "#ffffff"
      }
    },
    "label": {
      "name": {
        "color": "@TextColor",
        "fontSize": "@TextSize"
      },
      "value": {
        "color": "@TextColor",
        "fontSize": "@TextSize"
      }
    },
    "axis": {
      "title": {
        "color": "@TextColor",
        "fontSize": "@TextSize"
      },
      "label": {
        "name": {
          "color": "@TextColor",
          "fontSize": "@TextSize"
        }
      },
      "line": {
        "major": {
          "color": "#CCCCCC"
        },
        "minor": {
          "color": "#CCCCCC"
        }
      }
    },
    "grid": {
      "line": {
        "highContrast": {
          "color": "#ffffff"
        },
        "major": {
          "color": "#ffffff"
        },
        "minor": {
          "color": "#ffffff"
        }
      }
    },
    "referenceLine": {
      "label": {
        "name": {
          "color": "@TextColor",
          "fontSize": "@TextSize"
        }
      },
      "outOfBounds": {
        "color": "@TextColor",
        "backgroundColor": "#ccdcf1",
        "fontSize": "@TextSize"
      }
    },
    "legend": {
      "title": {
        "color": "@TextColor",
        "fontSize": "@TextSize"
      },
      "label": {
        "color": "@TextColor",
        "fontSize": "@TextSize"
      }
    }
  },
  "dataColors": {
    "primaryColor": "",
    "othersColor": "#FFA600",
    "errorColor": "#CC4000",
    "nullColor": "#CCCCCC"
  },
  "palettes": {
    "data": [
      {
        "scale": [
          "#0051ba",
          "#ffda1a",
          "#ba0051",
          "#51ba00",
          "#ba6900",
          "#003b87",
          "#e6c100",
          "#87003b",
          "#3b8700",
          "#874c00",
          "#0067ed",
          "#ffe24d",
          "#ed0067",
          "#67ed00",
          "#ed8600"
        ],
        "_id": "5ab10a36be1a68155e395feb",
        "name": "Dimension 15 colors",
        "translation": "",
        "propertyValue": "5f906g",
        "type": "row"
      },
      {
        "scale": [
          "#00193A",
          "#3B77C5",
          "#0051BA",
          "#12233A",
          "#003B87",
          "#7F6D0D",
          "#FFE666",
          "#FFDA1A",
          "#7F7333",
          "#CCAE15"
        ],
        "_id": "5ab10a36be1a68155e395fea",
        "name": "Dimension 10 colors Monochromatic",
        "translation": "",
        "propertyValue": "7tad48",
        "type": "row"
      },
      {
        "scale": [
          "#0B366D",
          "#C52514",
          "#0051BA",
          "#70870D",
          "#5A6D05",
          "#B29600",
          "#33FFFF",
          "#FFDA1A",
          "#CC0096",
          "#B20986"
        ],
        "_id": "5ab10a36be1a68155e395fe9",
        "name": "Dimension 10 colors Triad",
        "translation": "",
        "propertyValue": "2xh59",
        "type": "row"
      },
      {
        "scale": [
          "#00306D",
          "#197DFF",
          "#0051BA",
          "#6D4700",
          "#BA7900",
          "#B29709",
          "#FFDE33",
          "#FFDA1A",
          "#0A00B2",
          "#261AFF"
        ],
        "_id": "5ab10a36be1a68155e395fe8",
        "name": "Dimension 10 colors Complementary",
        "translation": "",
        "propertyValue": "irj23pz",
        "type": "row"
      },
      {
        "scale": [
          "#2C18ED",
          "#262254",
          "#0051BA",
          "#C37F31",
          "#ED6B18",
          "#B0CC00",
          "#8E994D",
          "#FFDA1A",
          "#5A7DFF",
          "#0061CC"
        ],
        "_id": "5ab10a36be1a68155e395fe7",
        "name": "Dimension 10 colors Compound",
        "translation": "",
        "propertyValue": "tpxngh",
        "type": "row"
      },
      {
        "scale": [
          "#00357A",
          "#00193A",
          "#0051BA",
          "#0057C7",
          "#0046A0",
          "#BFA313",
          "#7F6D0D",
          "#FFDA1A",
          "#403606",
          "#E5C417"
        ],
        "_id": "5ab10f43be1a68155e395fed",
        "name": "Dimension 10 colors Shades",
        "translation": "",
        "propertyValue": "c14kbk",
        "type": "row"
      },
      {
        "scale": [
          "#1C0AC7",
          "#0A2DD1",
          "#0051BA",
          "#0A95D1",
          "#0AC0C7",
          "#DEFF0D",
          "#E8DB0C",
          "#FFDA1A",
          "#E8AE0C",
          "#FFA70D"
        ],
        "_id": "5ab10f43be1a68155e395fec",
        "name": "Dimension 10 colors Analogous",
        "translation": "",
        "propertyValue": "g6sh8i",
        "type": "row"
      },
      {
        "scale": [
          "#0051BA",
          "#FFDA1A",
          "#F6511D",
          "#FFB400",
          "#00A6ED"
        ],
        "_id": "5ab8a7ee16fa1c02fb7a3709",
        "name": "Dimension 5 colors variance 1",
        "translation": "",
        "propertyValue": "psny1e",
        "type": "row"
      },
      {
        "scale": [
          "#0051BA",
          "#427AA1",
          "#EBF2FA",
          "#679436",
          "#FFDA1A"
        ],
        "_id": "5ab8a7ee16fa1c02fb7a3708",
        "name": "Dimension 5 colors variance 2",
        "translation": "",
        "propertyValue": "rdo8zd",
        "type": "row"
      },
      {
        "scale": [
          "#0051BA",
          "#FFFFFF",
          "#00A7E1",
          "#00171F",
          "#FFDA1A"
        ],
        "_id": "5ab8a7ee16fa1c02fb7a3707",
        "name": "Dimension 5 colors variance 3",
        "translation": "",
        "propertyValue": "5le3p",
        "type": "row"
      },
      {
        "scale": [
          "#0051BA",
          "#FFBC42",
          "#D81159",
          "#8F2D56",
          "#FFDA1A"
        ],
        "_id": "5ab8a7ee16fa1c02fb7a3706",
        "name": "Dimension 5 colors variance 4",
        "translation": "",
        "propertyValue": "tn7typ",
        "type": "row"
      },
      {
        "scale": [
          "#0051BA",
          "#EDAE49",
          "#D1495B",
          "#003D5B",
          "#FFDA1A"
        ],
        "_id": "5ab8a7ee16fa1c02fb7a3705",
        "name": "Dimension 5 colors variance 5",
        "translation": "",
        "propertyValue": "7500kp",
        "type": "row"
      },
      {
        "scale": [
          "#0051BA",
          "#3E92CC",
          "#13293D",
          "#16324F",
          "#18435A"
        ],
        "_id": "5ab8a7ee16fa1c02fb7a3704",
        "name": "Dimension 5 colors variance 6",
        "translation": "",
        "propertyValue": "e30udg",
        "type": "row"
      },
      {
        "scale": [
          "#0051BA",
          "#222E50",
          "#439A86",
          "#BCD8C1",
          "#E9D985"
        ],
        "_id": "5ab8a7ee16fa1c02fb7a3703",
        "name": "Dimension 5 colors variance 7",
        "translation": "New dimension colors description",
        "propertyValue": "er2dhbj",
        "type": "row"
      },
      {
        "scale": [
          "#0051BA",
          "#ECA400",
          "#EAF8BF",
          "#27476E",
          "#001D4A"
        ],
        "_id": "5ab8a7ee16fa1c02fb7a3702",
        "name": "Dimension 5 colors variance 8",
        "translation": "",
        "propertyValue": "myc9p",
        "type": "row"
      },
      {
        "scale": [
          "#0051BA",
          "#FF6B35",
          "#F7C59F",
          "#EFEFD0",
          "#001D4A"
        ],
        "_id": "5ab8a7ee16fa1c02fb7a3701",
        "name": "Dimension 5 colors variance 9",
        "translation": "",
        "propertyValue": "ll8ur",
        "type": "row"
      },
      {
        "scale": [
          "#0051BA",
          "#50514F",
          "#F25F5C",
          "#FFE066",
          "#70C1B3"
        ],
        "_id": "5ab8a7ee16fa1c02fb7a3700",
        "name": "Dimension 5 colors variance 10",
        "translation": "",
        "propertyValue": "vdi2fj",
        "type": "row"
      },
      {
        "name": "New Pallete 1",
        "translation": "Pallete",
        "propertyValue": "80oo4b",
        "type": "row",
        "scale": [
          "#594B52",
          "#F72828",
          "#10E086",
          "#5A797D",
          "#289DAD"
        ]
      },
      {
        "name": "New Pallete 2",
        "translation": "New Pallete 2",
        "propertyValue": "dojo8",
        "type": "row",
        "scale": [
          "#F0971F",
          "#DEFA10",
          "#10E086",
          "#0511F7",
          "#F00053"
        ]
      },
      {
        "name": "New Pallete 3",
        "translation": "New Pallete 3",
        "propertyValue": "myujz",
        "type": "row",
        "scale": [
          "#998200",
          "#ADA366",
          "#10DAE0",
          "#E6029C",
          "#199094"
        ]
      },
      {
        "name": "New Pallete 4",
        "translation": "New Pallete 4",
        "propertyValue": "881wnn",
        "type": "row",
        "scale": [
          "#1251C7",
          "#1CF067",
          "#990BE0",
          "#075E61",
          "#A3000D"
        ]
      },
      {
        "name": "New Pallete 5",
        "translation": "New Pallete 5",
        "propertyValue": "dsk1g",
        "type": "row",
        "scale": [
          "#D87823",
          "#A37349",
          "#FF6545",
          "#99FFBC",
          "#49CC51"
        ]
      },
      {
        "name": "New Pallete 6",
        "translation": "New Pallete 6",
        "propertyValue": "r3parl",
        "type": "row",
        "scale": [
          "#3895FF",
          "#33E899",
          "#ABFF45",
          "#E8BE33",
          "#FF9966"
        ]
      },
      {
        "name": "New Pallete 7",
        "translation": "New Pallete 7",
        "propertyValue": "etoel",
        "type": "row",
        "scale": [
          "#5A8055",
          "#71FF5E",
          "#B5FFAB",
          "#2A851E",
          "#90CA88"
        ]
      },
      {
        "name": "New Pallete 8",
        "translation": "New Pallete 8",
        "propertyValue": "j4cmyq",
        "type": "row",
        "scale": [
          "#807C69",
          "#FFED85",
          "#FFF8D1",
          "#857832",
          "#C7C2A4"
        ]
      },
      {
        "name": "New Pallete 9",
        "translation": "New Pallete 9",
        "propertyValue": "w4x82g",
        "type": "row",
        "scale": [
          "#0051BA",
          "#756A99",
          "#4B81FF",
          "#FFD08A",
          "#CC7427"
        ]
      },
      {
        "name": "New Pallete 10",
        "translation": "New Pallete 10",
        "propertyValue": "38308o",
        "type": "row",
        "scale": [
          "#57A9B3",
          "#CCB718",
          "#FF6EB8",
          "#54EBFF",
          "#B5B29C"
        ]
      },
      {
        "name": "New Pallete 11",
        "translation": "New Pallete 11",
        "propertyValue": "ka0s9r",
        "type": "row",
        "scale": [
          "#845EC2",
          "#D65DB1",
          "#FF6F91",
          "#FF9671",
          "#FFC75F",
          "#F9F871"
        ]
      },
      {
        "name": "New Pallete 12",
        "translation": "New Pallete 12 - Purple Gradient",
        "propertyValue": "4r1k2o",
        "type": "row",
        "scale": [
          "#845EC2",
          "#A178DF",
          "#BE93FD",
          "#DCB0FF",
          "#FACCFF"
        ]
      },
      {
        "name": "New Pallete 13",
        "translation": "New Pallete 13",
        "propertyValue": "2oiur",
        "type": "row",
        "scale": [
          "#8A80FF",
          "#74E8E5",
          "#ABFF8C",
          "#EBC342",
          "#FF8F73"
        ]
      },
      {
        "name": "New Pallete 14",
        "translation": "New Pallete 14",
        "propertyValue": "w7lq0p",
        "type": "row",
        "scale": [
          "#6CB184",
          "#435B92",
          "#CD8434",
          "#4DA678"
        ]
      },
      {
        "name": "New  Pallete 15",
        "translation": "New  Pallete 15",
        "propertyValue": "usa2ol",
        "type": "row",
        "scale": [
          "#4F6FB3",
          "#FF834E",
          "#A95AFF",
          "#6BCC5E",
          "#C7A522"
        ]
      },
      {
        "name": "New  Pallete 16",
        "translation": "New dimension colors description",
        "propertyValue": "yxit57",
        "type": "row",
        "scale": [
          "#4985B3",
          "#FF695F",
          "#9575FF",
          "#5CCC9D",
          "#C79154"
        ]
      },
      {
        "name": "New  Pallete 17",
        "translation": "New  Pallete 17",
        "propertyValue": "axznpe",
        "type": "row",
        "scale": [
          "#0CB1CC",
          "#3BCCC7",
          "#569099",
          "#FF8380",
          "#C293FF"
        ]
      },
      {
        "name": "New  Pallete 18",
        "translation": "New  Pallete 18",
        "propertyValue": "73r98i",
        "type": "row",
        "scale": [
          "#CC8734",
          "#9B519E",
          "#FFC437",
          "#63A2FA",
          "#7BDAC6"
        ]
      },
      {
        "name": "New Pallete 19",
        "translation": "New Pallete 19",
        "propertyValue": "7jweb8",
        "type": "row",
        "scale": [
          "#C78B9D",
          "#FB7B73",
          "#35FABA",
          "#5A8794",
          "#089BC7"
        ]
      },
      {
        "name": "New Pallete 20",
        "translation": "New Pallete 20",
        "propertyValue": "c5o3ja",
        "type": "row",
        "scale": [
          "#C74418",
          "#A6C78B",
          "#FA3451",
          "#94695A",
          "#81FB73"
        ]
      },
      {
        "name": "Qlikview Pallete",
        "translation": "Qlikview Pallete",
        "propertyValue": "wo0bnp",
        "type": "row",
        "scale": [
          "#8daacb",
          "#fc7362",
          "#bbd854",
          "#ffd92f",
          "#66c296",
          "#e5b694",
          "#e78ad2",
          "#b3b3b3",
          "#a6d8e3",
          "#abe9bc",
          "#1b7d9c",
          "#ffbfc9",
          "#4da741",
          "#c4b2d6",
          "#b22424",
          "#00acac",
          "#be6c2c",
          "#695496"
        ]
      }
    ],
    "ui": [
      {
        "colors": [
          "#0051ba",
          "#ffda1a",
          "#ba0051",
          "#51ba00",
          "#ba6900",
          "#1a3fff",
          "#00ba69",
          "#6900ba",
          "#00aeba",
          "#ff681a",
          "#ba00ae",
          "#aeba00",
          "#ba0c00"
        ],
        "_id": "5ab10400be1a68155e395fe4",
        "name": "Default 13 colors"
      }
    ]
  },
  "customStyles": [
    {
      "cssRef": "theme.css",
      "classRef": "sense-theme"
    }
  ],
  "scales": [
    {
      "scale": [
        "#0051ba",
        "#FFFFFF",
        "#ba6900"
      ],
      "_id": "5ab10f43be1a68155e395ff3",
      "name": "Measurement Gradient Blue Complementary",
      "translation": "",
      "type": "gradient",
      "propertyValue": "r4gdm"
    },
    {
      "scale": [
        "#ffda1a",
        "#ffffff",
        "#1a3fff"
      ],
      "_id": "5ab10f43be1a68155e395ff2",
      "name": "Measurement Gradient Yellow Complementary",
      "translation": "",
      "type": "class",
      "propertyValue": "rj95n"
    },
    {
      "scale": [
        "#1C0AC7",
        "#ffffff",
        "#0AC0C7"
      ],
      "_id": "5ab10f43be1a68155e395ff1",
      "name": "Measurement Gradient Blue Analogous",
      "translation": "",
      "type": "gradient",
      "propertyValue": "y42kk"
    },
    {
      "scale": [
        "#DEFF0D",
        "#ffffff",
        "#FFA70D"
      ],
      "_id": "5ab10f43be1a68155e395ff0",
      "name": "Measurement Gradient Yellow Analogous",
      "translation": "",
      "type": "gradient",
      "propertyValue": "11d10n"
    },
    {
      "scale": [
        "#0051ba",
        "#1962c0",
        "#3273c7",
        "#4c85ce",
        "#6696d5",
        "#7fa8dc",
        "#99b9e3",
        "#b2caea",
        "#ccdcf1",
        "#e5edf8"
      ],
      "_id": "5ab10f43be1a68155e395fef",
      "name": "Measurement Class Blue 10 colors",
      "translation": "",
      "type": "class",
      "propertyValue": "zhe7xr"
    },
    {
      "scale": [
        "#ffda1a",
        "#ffdd30",
        "#ffe147",
        "#ffe55e",
        "#ffe875",
        "#ffec8c",
        "#fff0a3",
        "#fff3ba",
        "#fff7d1",
        "#fffbe8"
      ],
      "_id": "5ab10f43be1a68155e395fee",
      "name": "Measurement Class Yellow 10 colors",
      "translation": "",
      "type": "class",
      "propertyValue": "a0sgke"
    },
    {
      "scale": [
        "#51ba00",
        "#ffffff",
        "#ba0c00"
      ],
      "_id": "5ab276aebe1a68155e395ff5",
      "name": "Measurement Gradient Green to Red",
      "translation": "",
      "type": "gradient",
      "propertyValue": "3ju4k7kt"
    }
  ],
  "_inherit": false,
  "_variables": {
    "@TitleSize": "14px",
    "@SubtitleSize": "12px",
    "@TextSize": "10px",
    "@FooterSize": "9px",
    "@TitleColor": "",
    "@SubtitleColor": "#ffffff",
    "@TextColor": "#000000",
    "@FooterColor": "#000000",
    "@BackgroundColor": "",
    "@AxisMajorColor": "#CCCCCC",
    "@AxisMinorColor": "#CCCCCC"
  },
  "color": "@TextColor",
  "fontSize": "@TextSize",
  "backgroundColor": "@BackgroundColor"
}